Name,Email,Phone Number,Car Model,License Plate,Car Color,Car Date of Manufacture,Parking Permit ID,Date of Expiry
Edwin,cdefjun,1928374756,Toyota,EDIW293,Red,2003,2136636376,2024-06-30
Kevin,kedei,2837461827,Tesla,ALOI230,White,2008,4236118549,2023-06-30
Kevin,kedei,2837461827,Honda,EIRU283,Blue,2000,4236118549,2023-06-30
Jack,jackede,0492812738,Audi,JACK123,Orange,2013,6209901229,2024-06-30
Jack,jackede,0492812738,Porsche,JACK456,Green,2014,6209901229,2024-06-30
Bob,bobgmail,2980392837,Tesla,BOBR203,Blue,2014,6770976480,2024-06-30
